id,per_change,cagr,percent
1306.T,0.072425238,0.053719089,0.1
GLD,0.034566737,0.030134619,0.2
SLV,0.022558046,0.000289513,0.1
SPY,0.127349465,0.111429394,0.6
